Datetime,Water Level (m)
2025-04-27 00:00:00,0.17430237
2025-04-27 01:00:00,0.119167715
2025-04-27 02:00:00,0.06791362
2025-04-27 03:00:00,0.010728073
2025-04-27 04:00:00,-0.050067924
2025-04-27 05:00:00,-0.07592218
2025-04-27 06:00:00,0.050633162
2025-04-27 07:00:00,0.19056423
2025-04-27 08:00:00,0.30902272
2025-04-27 09:00:00,0.33900732
2025-04-27 10:00:00,0.36579704
2025-04-27 11:00:00,0.3327023
2025-04-27 12:00:00,0.28298107
2025-04-27 13:00:00,0.249921
2025-04-27 14:00:00,0.19127682
2025-04-27 15:00:00,0.13298549
2025-04-27 16:00:00,0.07512935
2025-04-27 17:00:00,0.021713756
2025-04-27 18:00:00,0.08449041
2025-04-27 19:00:00,0.23470612
2025-04-27 20:00:00,0.30468503
2025-04-27 21:00:00,0.36682913
2025-04-27 22:00:00,0.38576677
2025-04-27 23:00:00,0.34236464
2025-04-28 00:00:00,0.28596544
2025-04-28 01:00:00,0.24281554
2025-04-28 02:00:00,0.17569594
2025-04-28 03:00:00,0.11905308
2025-04-28 04:00:00,0.05916114
2025-04-28 05:00:00,-0.0023393065
2025-04-28 06:00:00,-0.0064569875
2025-04-28 07:00:00,0.14720863
2025-04-28 08:00:00,0.28728238
2025-04-28 09:00:00,0.3524082
2025-04-28 10:00:00,0.42022598
2025-04-28 11:00:00,0.43856186
2025-04-28 12:00:00,0.3881602
2025-04-28 13:00:00,0.3423375
2025-04-28 14:00:00,0.30611563
2025-04-28 15:00:00,0.2645085
2025-04-28 16:00:00,0.19406304
2025-04-28 17:00:00,0.123874925
2025-04-28 18:00:00,0.08141182
2025-04-28 19:00:00,0.18503918
2025-04-28 20:00:00,0.29943243
2025-04-28 21:00:00,0.38035396
2025-04-28 22:00:00,0.42855218
2025-04-28 23:00:00,0.41806957
2025-04-29 00:00:00,0.35942346
2025-04-29 01:00:00,0.30600065
2025-04-29 02:00:00,0.26260155
2025-04-29 03:00:00,0.1924162
2025-04-29 04:00:00,0.124554224
2025-04-29 05:00:00,0.06498966
2025-04-29 06:00:00,0.00872248
2025-04-29 07:00:00,0.073265806
2025-04-29 08:00:00,0.23397596
2025-04-29 09:00:00,0.32683688
2025-04-29 10:00:00,0.41190088
2025-04-29 11:00:00,0.47225675
2025-04-29 12:00:00,0.45690492
2025-04-29 13:00:00,0.4013914
2025-04-29 14:00:00,0.35996005
2025-04-29 15:00:00,0.3210729
2025-04-29 16:00:00,0.27635524
2025-04-29 17:00:00,0.21544656
2025-04-29 18:00:00,0.12737547
2025-04-29 19:00:00,0.091558404
2025-04-29 20:00:00,0.20988022
2025-04-29 21:00:00,0.3059513
2025-04-29 22:00:00,0.36854216
2025-04-29 23:00:00,0.39958453
2025-04-30 00:00:00,0.3740108
2025-04-30 01:00:00,0.31605798
2025-04-30 02:00:00,0.2671249
2025-04-30 03:00:00,0.20361419
2025-04-30 04:00:00,0.14143807
2025-04-30 05:00:00,0.08614673
2025-04-30 06:00:00,0.026763303
2025-04-30 07:00:00,-0.006979942
2025-04-30 08:00:00,0.10518912
2025-04-30 09:00:00,0.2533199
2025-04-30 10:00:00,0.3369776
2025-04-30 11:00:00,0.4137747
2025-04-30 12:00:00,0.45359948
2025-04-30 13:00:00,0.42123115
2025-04-30 14:00:00,0.36967823
2025-04-30 15:00:00,0.33465603
2025-04-30 16:00:00,0.29734716
2025-04-30 17:00:00,0.25428534
2025-04-30 18:00:00,0.1746532
2025-04-30 19:00:00,0.11172639
2025-04-30 20:00:00,0.1410045
2025-04-30 21:00:00,0.27280456
2025-04-30 22:00:00,0.33984214
2025-04-30 23:00:00,0.38766882
2025-05-01 00:00:00,0.39635187
2025-05-01 01:00:00,0.35010293
2025-05-01 02:00:00,0.29449624
2025-05-01 03:00:00,0.2473996
2025-05-01 04:00:00,0.17473948
2025-05-01 05:00:00,0.11668656
2025-05-01 06:00:00,0.060728293
2025-05-01 07:00:00,0.005976449
2025-05-01 08:00:00,0.016509145
2025-05-01 09:00:00,0.15302852
2025-05-01 10:00:00,0.27818716
2025-05-01 11:00:00,0.34329563
2025-05-01 12:00:00,0.40445632
2025-05-01 13:00:00,0.42055923
2025-05-01 14:00:00,0.3767043
2025-05-01 15:00:00,0.33159688
2025-05-01 16:00:00,0.2976575
2025-05-01 17:00:00,0.25912544
2025-05-01 18:00:00,0.19005887
2025-05-01 19:00:00,0.12676707
2025-05-01 20:00:00,0.088788584
2025-05-01 21:00:00,0.1548448
2025-05-01 22:00:00,0.26758835
2025-05-01 23:00:00,0.3180541
2025-05-02 00:00:00,0.34732684
2025-05-02 01:00:00,0.33476853
2025-05-02 02:00:00,0.2825685
2025-05-02 03:00:00,0.2162695
2025-05-02 04:00:00,0.15836568
2025-05-02 05:00:00,0.109970726
2025-05-02 06:00:00,0.058561996
2025-05-02 07:00:00,0.007327715
2025-05-02 08:00:00,-0.029820366
2025-05-02 09:00:00,0.03472485
2025-05-02 10:00:00,0.15857828
2025-05-02 11:00:00,0.26627496
2025-05-02 12:00:00,0.31654721
2025-05-02 13:00:00,0.35948616
2025-05-02 14:00:00,0.35718298
2025-05-02 15:00:00,0.31203675
2025-05-02 16:00:00,0.2741357
2025-05-02 17:00:00,0.24205509
2025-05-02 18:00:00,0.17886817
2025-05-02 19:00:00,0.13092703
2025-05-02 20:00:00,0.08485905
2025-05-02 21:00:00,0.068440214
2025-05-02 22:00:00,0.14743225
2025-05-02 23:00:00,0.23644869
2025-05-03 00:00:00,0.28309262
